,precision,recall,f1-score,support
AFIB,0.837471783295711,0.8355855855855856,0.8365276211950394,444.0
GSVT,0.7900207900207901,0.8260869565217391,0.8076514346439958,460.0
SB,0.9809644670050761,0.993573264781491,0.9872286079182631,778.0
SR,0.9830917874396136,0.9166666666666666,0.9487179487179487,444.0
accuracy,0.9082784571966134,0.9082784571966134,0.9082784571966134,0.9082784571966134
macro avg,0.8978872069402977,0.8929781183888705,0.8950314031188118,2126.0
weighted avg,0.9101270668607699,0.9082784571966134,0.9088582078730073,2126.0
