,precision,recall,f1-score,support
AFIB,0.8978723404255319,0.9504504504504504,0.9234135667396061,444.0
GSVT,0.9265033407572383,0.9043478260869565,0.9152915291529152,460.0
SB,0.9809402795425667,0.9922879177377892,0.9865814696485623,778.0
SR,0.9809523809523809,0.9279279279279279,0.9537037037037037,444.0
accuracy,0.9510818438381938,0.9510818438381938,0.9510818438381938,0.9510818438381938
macro avg,0.9465670854194295,0.9437535305507809,0.9447475673111968,2126.0
weighted avg,0.9518162043858137,0.9510818438381938,0.9510980973065625,2126.0
